{
  "trial_id": 294,
  "learning_rate": 0.00048170432654378253,
  "gamma": 0.9985386867026003,
  "batch_size": 128.0,
  "memory_size": 61633.0,
  "target_update": 100.0,
  "eps_start": 0.9570537904026141,
  "eps_end": 0.07229465998076104,
  "eps_decay": 0.9937357375036975,
  "initial_exploration": 502.0,
  "avg_score": 500.0,
  "final_scores": [
    500,
    500,
    500,
    500,
    500
  ],
  "total_episodes": 300.0,
  "device_used": "cuda",
  "success": true,
  "seed": 310084.0,
  "error": NaN
}