{
  "trial_id": 8,
  "learning_rate": 0.002914571457127197,
  "gamma": 0.9766687639380681,
  "batch_size": 32.0,
  "memory_size": 94481.0,
  "target_update": 100.0,
  "eps_start": 0.9783339398738535,
  "eps_end": 0.04411104760417919,
  "eps_decay": 0.992062192222966,
  "initial_exploration": 771.0,
  "avg_score": 374.4,
  "final_scores": [
    443,
    500,
    411,
    375,
    500
  ],
  "total_episodes": 300.0,
  "device_used": "cuda",
  "success": true,
  "seed": 31628.0,
  "error": NaN
}