{
  "trial_id": 892,
  "learning_rate": 0.0017340816757299812,
  "gamma": 0.9776378783239925,
  "batch_size": 128,
  "memory_size": 48881,
  "target_update": 100,
  "eps_start": 0.9136784175229444,
  "eps_end": 0.03576837567901228,
  "eps_decay": 0.9902801610909555,
  "initial_exploration": 547,
  "avg_score": 500.0,
  "final_scores": [
    500,
    500,
    500,
    500,
    500
  ],
  "total_episodes": 200,
  "max_episodes": 200,
  "early_stopped": false,
  "stop_reason": "completed",
  "device_used": "cuda",
  "success": true,
  "seed": 917808,
  "early_stopping_patience": 20,
  "early_stopping_min_episodes": 50,
  "early_stopping_threshold": 495.0,
  "early_stopping_window": 10
}